geography_code,month_index,addressable_prevalent_pool,source_file,source_value_type,transformation_note
EU,1,1041.666666666666666666666667,treatable pts 250.xlsx,annual_pool_divided_by_12,Derived from raw annual CML prevalent pool because source lacks explicit monthly pool.
EU,10,1041.666666666666666666666667,treatable pts 250.xlsx,annual_pool_divided_by_12,Derived from raw annual CML prevalent pool because source lacks explicit monthly pool.
EU,100,1041.666666666666666666666667,treatable pts 250.xlsx,annual_pool_divided_by_12,Derived from raw annual CML prevalent pool because source lacks explicit monthly pool.
EU,101,1041.666666666666666666666667,treatable pts 250.xlsx,annual_pool_divided_by_12,Derived from raw annual CML prevalent pool because source lacks explicit monthly pool.
EU,102,1041.666666666666666666666667,treatable pts 250.xlsx,annual_pool_divided_by_12,Derived from raw annual CML prevalent pool because source lacks explicit monthly pool.
EU,103,1041.666666666666666666666667,treatable pts 250.xlsx,annual_pool_divided_by_12,Derived from raw annual CML prevalent pool because source lacks explicit monthly pool.
EU,104,1041.666666666666666666666667,treatable pts 250.xlsx,annual_pool_divided_by_12,Derived from raw annual CML prevalent pool because source lacks explicit monthly pool.
EU,105,1041.666666666666666666666667,treatable pts 250.xlsx,annual_pool_divided_by_12,Derived from raw annual CML prevalent pool because source lacks explicit monthly pool.
EU,106,1041.666666666666666666666667,treatable pts 250.xlsx,annual_pool_divided_by_12,Derived from raw annual CML prevalent pool because source lacks explicit monthly pool.
EU,107,1041.666666666666666666666667,treatable pts 250.xlsx,annual_pool_divided_by_12,Derived from raw annual CML prevalent pool because source lacks explicit monthly pool.
EU,108,1041.666666666666666666666667,treatable pts 250.xlsx,annual_pool_divided_by_12,Derived from raw annual CML prevalent pool because source lacks explicit monthly pool.
EU,109,1041.666666666666666666666667,treatable pts 250.xlsx,annual_pool_divided_by_12,Derived from raw annual CML prevalent pool because source lacks explicit monthly pool.
EU,11,1041.666666666666666666666667,treatable pts 250.xlsx,annual_pool_divided_by_12,Derived from raw annual CML prevalent pool because source lacks explicit monthly pool.
EU,110,1041.666666666666666666666667,treatable pts 250.xlsx,annual_pool_divided_by_12,Derived from raw annual CML prevalent pool because source lacks explicit monthly pool.
EU,111,1041.666666666666666666666667,treatable pts 250.xlsx,annual_pool_divided_by_12,Derived from raw annual CML prevalent pool because source lacks explicit monthly pool.
EU,112,1041.666666666666666666666667,treatable pts 250.xlsx,annual_pool_divided_by_12,Derived from raw annual CML prevalent pool because source lacks explicit monthly pool.
EU,113,1041.666666666666666666666667,treatable pts 250.xlsx,annual_pool_divided_by_12,Derived from raw annual CML prevalent pool because source lacks explicit monthly pool.
EU,114,1041.666666666666666666666667,treatable pts 250.xlsx,annual_pool_divided_by_12,Derived from raw annual CML prevalent pool because source lacks explicit monthly pool.
EU,115,1041.666666666666666666666667,treatable pts 250.xlsx,annual_pool_divided_by_12,Derived from raw annual CML prevalent pool because source lacks explicit monthly pool.
EU,116,1041.666666666666666666666667,treatable pts 250.xlsx,annual_pool_divided_by_12,Derived from raw annual CML prevalent pool because source lacks explicit monthly pool.
EU,117,1041.666666666666666666666667,treatable pts 250.xlsx,annual_pool_divided_by_12,Derived from raw annual CML prevalent pool because source lacks explicit monthly pool.
EU,118,1041.666666666666666666666667,treatable pts 250.xlsx,annual_pool_divided_by_12,Derived from raw annual CML prevalent pool because source lacks explicit monthly pool.
EU,119,1041.666666666666666666666667,treatable pts 250.xlsx,annual_pool_divided_by_12,Derived from raw annual CML prevalent pool because source lacks explicit monthly pool.
EU,12,1041.666666666666666666666667,treatable pts 250.xlsx,annual_pool_divided_by_12,Derived from raw annual CML prevalent pool because source lacks explicit monthly pool.
EU,120,1041.666666666666666666666667,treatable pts 250.xlsx,annual_pool_divided_by_12,Derived from raw annual CML prevalent pool because source lacks explicit monthly pool.
EU,121,1041.666666666666666666666667,treatable pts 250.xlsx,annual_pool_divided_by_12,Derived from raw annual CML prevalent pool because source lacks explicit monthly pool.
EU,122,1041.666666666666666666666667,treatable pts 250.xlsx,annual_pool_divided_by_12,Derived from raw annual CML prevalent pool because source lacks explicit monthly pool.
EU,123,1041.666666666666666666666667,treatable pts 250.xlsx,annual_pool_divided_by_12,Derived from raw annual CML prevalent pool because source lacks explicit monthly pool.
EU,124,1041.666666666666666666666667,treatable pts 250.xlsx,annual_pool_divided_by_12,Derived from raw annual CML prevalent pool because source lacks explicit monthly pool.
EU,125,1041.666666666666666666666667,treatable pts 250.xlsx,annual_pool_divided_by_12,Derived from raw annual CML prevalent pool because source lacks explicit monthly pool.
EU,126,1041.666666666666666666666667,treatable pts 250.xlsx,annual_pool_divided_by_12,Derived from raw annual CML prevalent pool because source lacks explicit monthly pool.
EU,127,1041.666666666666666666666667,treatable pts 250.xlsx,annual_pool_divided_by_12,Derived from raw annual CML prevalent pool because source lacks explicit monthly pool.
EU,128,1041.666666666666666666666667,treatable pts 250.xlsx,annual_pool_divided_by_12,Derived from raw annual CML prevalent pool because source lacks explicit monthly pool.
EU,129,1041.666666666666666666666667,treatable pts 250.xlsx,annual_pool_divided_by_12,Derived from raw annual CML prevalent pool because source lacks explicit monthly pool.
EU,13,1041.666666666666666666666667,treatable pts 250.xlsx,annual_pool_divided_by_12,Derived from raw annual CML prevalent pool because source lacks explicit monthly pool.
EU,130,1041.666666666666666666666667,treatable pts 250.xlsx,annual_pool_divided_by_12,Derived from raw annual CML prevalent pool because source lacks explicit monthly pool.
EU,131,1041.666666666666666666666667,treatable pts 250.xlsx,annual_pool_divided_by_12,Derived from raw annual CML prevalent pool because source lacks explicit monthly pool.
EU,132,1041.666666666666666666666667,treatable pts 250.xlsx,annual_pool_divided_by_12,Derived from raw annual CML prevalent pool because source lacks explicit monthly pool.
EU,133,1041.666666666666666666666667,treatable pts 250.xlsx,annual_pool_divided_by_12,Derived from raw annual CML prevalent pool because source lacks explicit monthly pool.
EU,134,1041.666666666666666666666667,treatable pts 250.xlsx,annual_pool_divided_by_12,Derived from raw annual CML prevalent pool because source lacks explicit monthly pool.
EU,135,1041.666666666666666666666667,treatable pts 250.xlsx,annual_pool_divided_by_12,Derived from raw annual CML prevalent pool because source lacks explicit monthly pool.
EU,136,1041.666666666666666666666667,treatable pts 250.xlsx,annual_pool_divided_by_12,Derived from raw annual CML prevalent pool because source lacks explicit monthly pool.
EU,137,1041.666666666666666666666667,treatable pts 250.xlsx,annual_pool_divided_by_12,Derived from raw annual CML prevalent pool because source lacks explicit monthly pool.
EU,138,1041.666666666666666666666667,treatable pts 250.xlsx,annual_pool_divided_by_12,Derived from raw annual CML prevalent pool because source lacks explicit monthly pool.
EU,139,1041.666666666666666666666667,treatable pts 250.xlsx,annual_pool_divided_by_12,Derived from raw annual CML prevalent pool because source lacks explicit monthly pool.
EU,14,1041.666666666666666666666667,treatable pts 250.xlsx,annual_pool_divided_by_12,Derived from raw annual CML prevalent pool because source lacks explicit monthly pool.
EU,140,1041.666666666666666666666667,treatable pts 250.xlsx,annual_pool_divided_by_12,Derived from raw annual CML prevalent pool because source lacks explicit monthly pool.
EU,141,1041.666666666666666666666667,treatable pts 250.xlsx,annual_pool_divided_by_12,Derived from raw annual CML prevalent pool because source lacks explicit monthly pool.
EU,142,1041.666666666666666666666667,treatable pts 250.xlsx,annual_pool_divided_by_12,Derived from raw annual CML prevalent pool because source lacks explicit monthly pool.
EU,143,1041.666666666666666666666667,treatable pts 250.xlsx,annual_pool_divided_by_12,Derived from raw annual CML prevalent pool because source lacks explicit monthly pool.
EU,144,1041.666666666666666666666667,treatable pts 250.xlsx,annual_pool_divided_by_12,Derived from raw annual CML prevalent pool because source lacks explicit monthly pool.
EU,15,1041.666666666666666666666667,treatable pts 250.xlsx,annual_pool_divided_by_12,Derived from raw annual CML prevalent pool because source lacks explicit monthly pool.
EU,16,1041.666666666666666666666667,treatable pts 250.xlsx,annual_pool_divided_by_12,Derived from raw annual CML prevalent pool because source lacks explicit monthly pool.
EU,17,1041.666666666666666666666667,treatable pts 250.xlsx,annual_pool_divided_by_12,Derived from raw annual CML prevalent pool because source lacks explicit monthly pool.
EU,18,1041.666666666666666666666667,treatable pts 250.xlsx,annual_pool_divided_by_12,Derived from raw annual CML prevalent pool because source lacks explicit monthly pool.
EU,19,1041.666666666666666666666667,treatable pts 250.xlsx,annual_pool_divided_by_12,Derived from raw annual CML prevalent pool because source lacks explicit monthly pool.
EU,2,1041.666666666666666666666667,treatable pts 250.xlsx,annual_pool_divided_by_12,Derived from raw annual CML prevalent pool because source lacks explicit monthly pool.
EU,20,1041.666666666666666666666667,treatable pts 250.xlsx,annual_pool_divided_by_12,Derived from raw annual CML prevalent pool because source lacks explicit monthly pool.
EU,21,1041.666666666666666666666667,treatable pts 250.xlsx,annual_pool_divided_by_12,Derived from raw annual CML prevalent pool because source lacks explicit monthly pool.
EU,22,1041.666666666666666666666667,treatable pts 250.xlsx,annual_pool_divided_by_12,Derived from raw annual CML prevalent pool because source lacks explicit monthly pool.
EU,23,1041.666666666666666666666667,treatable pts 250.xlsx,annual_pool_divided_by_12,Derived from raw annual CML prevalent pool because source lacks explicit monthly pool.
EU,24,1041.666666666666666666666667,treatable pts 250.xlsx,annual_pool_divided_by_12,Derived from raw annual CML prevalent pool because source lacks explicit monthly pool.
EU,25,1041.666666666666666666666667,treatable pts 250.xlsx,annual_pool_divided_by_12,Derived from raw annual CML prevalent pool because source lacks explicit monthly pool.
EU,26,1041.666666666666666666666667,treatable pts 250.xlsx,annual_pool_divided_by_12,Derived from raw annual CML prevalent pool because source lacks explicit monthly pool.
EU,27,1041.666666666666666666666667,treatable pts 250.xlsx,annual_pool_divided_by_12,Derived from raw annual CML prevalent pool because source lacks explicit monthly pool.
EU,28,1041.666666666666666666666667,treatable pts 250.xlsx,annual_pool_divided_by_12,Derived from raw annual CML prevalent pool because source lacks explicit monthly pool.
EU,29,1041.666666666666666666666667,treatable pts 250.xlsx,annual_pool_divided_by_12,Derived from raw annual CML prevalent pool because source lacks explicit monthly pool.
EU,3,1041.666666666666666666666667,treatable pts 250.xlsx,annual_pool_divided_by_12,Derived from raw annual CML prevalent pool because source lacks explicit monthly pool.
EU,30,1041.666666666666666666666667,treatable pts 250.xlsx,annual_pool_divided_by_12,Derived from raw annual CML prevalent pool because source lacks explicit monthly pool.
EU,31,1041.666666666666666666666667,treatable pts 250.xlsx,annual_pool_divided_by_12,Derived from raw annual CML prevalent pool because source lacks explicit monthly pool.
EU,32,1041.666666666666666666666667,treatable pts 250.xlsx,annual_pool_divided_by_12,Derived from raw annual CML prevalent pool because source lacks explicit monthly pool.
EU,33,1041.666666666666666666666667,treatable pts 250.xlsx,annual_pool_divided_by_12,Derived from raw annual CML prevalent pool because source lacks explicit monthly pool.
EU,34,1041.666666666666666666666667,treatable pts 250.xlsx,annual_pool_divided_by_12,Derived from raw annual CML prevalent pool because source lacks explicit monthly pool.
EU,35,1041.666666666666666666666667,treatable pts 250.xlsx,annual_pool_divided_by_12,Derived from raw annual CML prevalent pool because source lacks explicit monthly pool.
EU,36,1041.666666666666666666666667,treatable pts 250.xlsx,annual_pool_divided_by_12,Derived from raw annual CML prevalent pool because source lacks explicit monthly pool.
EU,37,1041.666666666666666666666667,treatable pts 250.xlsx,annual_pool_divided_by_12,Derived from raw annual CML prevalent pool because source lacks explicit monthly pool.
EU,38,1041.666666666666666666666667,treatable pts 250.xlsx,annual_pool_divided_by_12,Derived from raw annual CML prevalent pool because source lacks explicit monthly pool.
EU,39,1041.666666666666666666666667,treatable pts 250.xlsx,annual_pool_divided_by_12,Derived from raw annual CML prevalent pool because source lacks explicit monthly pool.
EU,4,1041.666666666666666666666667,treatable pts 250.xlsx,annual_pool_divided_by_12,Derived from raw annual CML prevalent pool because source lacks explicit monthly pool.
EU,40,1041.666666666666666666666667,treatable pts 250.xlsx,annual_pool_divided_by_12,Derived from raw annual CML prevalent pool because source lacks explicit monthly pool.
EU,41,1041.666666666666666666666667,treatable pts 250.xlsx,annual_pool_divided_by_12,Derived from raw annual CML prevalent pool because source lacks explicit monthly pool.
EU,42,1041.666666666666666666666667,treatable pts 250.xlsx,annual_pool_divided_by_12,Derived from raw annual CML prevalent pool because source lacks explicit monthly pool.
EU,43,1041.666666666666666666666667,treatable pts 250.xlsx,annual_pool_divided_by_12,Derived from raw annual CML prevalent pool because source lacks explicit monthly pool.
EU,44,1041.666666666666666666666667,treatable pts 250.xlsx,annual_pool_divided_by_12,Derived from raw annual CML prevalent pool because source lacks explicit monthly pool.
EU,45,1041.666666666666666666666667,treatable pts 250.xlsx,annual_pool_divided_by_12,Derived from raw annual CML prevalent pool because source lacks explicit monthly pool.
EU,46,1041.666666666666666666666667,treatable pts 250.xlsx,annual_pool_divided_by_12,Derived from raw annual CML prevalent pool because source lacks explicit monthly pool.
EU,47,1041.666666666666666666666667,treatable pts 250.xlsx,annual_pool_divided_by_12,Derived from raw annual CML prevalent pool because source lacks explicit monthly pool.
EU,48,1041.666666666666666666666667,treatable pts 250.xlsx,annual_pool_divided_by_12,Derived from raw annual CML prevalent pool because source lacks explicit monthly pool.
EU,49,1041.666666666666666666666667,treatable pts 250.xlsx,annual_pool_divided_by_12,Derived from raw annual CML prevalent pool because source lacks explicit monthly pool.
EU,5,1041.666666666666666666666667,treatable pts 250.xlsx,annual_pool_divided_by_12,Derived from raw annual CML prevalent pool because source lacks explicit monthly pool.
EU,50,1041.666666666666666666666667,treatable pts 250.xlsx,annual_pool_divided_by_12,Derived from raw annual CML prevalent pool because source lacks explicit monthly pool.
EU,51,1041.666666666666666666666667,treatable pts 250.xlsx,annual_pool_divided_by_12,Derived from raw annual CML prevalent pool because source lacks explicit monthly pool.
EU,52,1041.666666666666666666666667,treatable pts 250.xlsx,annual_pool_divided_by_12,Derived from raw annual CML prevalent pool because source lacks explicit monthly pool.
EU,53,1041.666666666666666666666667,treatable pts 250.xlsx,annual_pool_divided_by_12,Derived from raw annual CML prevalent pool because source lacks explicit monthly pool.
EU,54,1041.666666666666666666666667,treatable pts 250.xlsx,annual_pool_divided_by_12,Derived from raw annual CML prevalent pool because source lacks explicit monthly pool.
EU,55,1041.666666666666666666666667,treatable pts 250.xlsx,annual_pool_divided_by_12,Derived from raw annual CML prevalent pool because source lacks explicit monthly pool.
EU,56,1041.666666666666666666666667,treatable pts 250.xlsx,annual_pool_divided_by_12,Derived from raw annual CML prevalent pool because source lacks explicit monthly pool.
EU,57,1041.666666666666666666666667,treatable pts 250.xlsx,annual_pool_divided_by_12,Derived from raw annual CML prevalent pool because source lacks explicit monthly pool.
EU,58,1041.666666666666666666666667,treatable pts 250.xlsx,annual_pool_divided_by_12,Derived from raw annual CML prevalent pool because source lacks explicit monthly pool.
EU,59,1041.666666666666666666666667,treatable pts 250.xlsx,annual_pool_divided_by_12,Derived from raw annual CML prevalent pool because source lacks explicit monthly pool.
EU,6,1041.666666666666666666666667,treatable pts 250.xlsx,annual_pool_divided_by_12,Derived from raw annual CML prevalent pool because source lacks explicit monthly pool.
EU,60,1041.666666666666666666666667,treatable pts 250.xlsx,annual_pool_divided_by_12,Derived from raw annual CML prevalent pool because source lacks explicit monthly pool.
EU,61,1041.666666666666666666666667,treatable pts 250.xlsx,annual_pool_divided_by_12,Derived from raw annual CML prevalent pool because source lacks explicit monthly pool.
EU,62,1041.666666666666666666666667,treatable pts 250.xlsx,annual_pool_divided_by_12,Derived from raw annual CML prevalent pool because source lacks explicit monthly pool.
EU,63,1041.666666666666666666666667,treatable pts 250.xlsx,annual_pool_divided_by_12,Derived from raw annual CML prevalent pool because source lacks explicit monthly pool.
EU,64,1041.666666666666666666666667,treatable pts 250.xlsx,annual_pool_divided_by_12,Derived from raw annual CML prevalent pool because source lacks explicit monthly pool.
EU,65,1041.666666666666666666666667,treatable pts 250.xlsx,annual_pool_divided_by_12,Derived from raw annual CML prevalent pool because source lacks explicit monthly pool.
EU,66,1041.666666666666666666666667,treatable pts 250.xlsx,annual_pool_divided_by_12,Derived from raw annual CML prevalent pool because source lacks explicit monthly pool.
EU,67,1041.666666666666666666666667,treatable pts 250.xlsx,annual_pool_divided_by_12,Derived from raw annual CML prevalent pool because source lacks explicit monthly pool.
EU,68,1041.666666666666666666666667,treatable pts 250.xlsx,annual_pool_divided_by_12,Derived from raw annual CML prevalent pool because source lacks explicit monthly pool.
EU,69,1041.666666666666666666666667,treatable pts 250.xlsx,annual_pool_divided_by_12,Derived from raw annual CML prevalent pool because source lacks explicit monthly pool.
EU,7,1041.666666666666666666666667,treatable pts 250.xlsx,annual_pool_divided_by_12,Derived from raw annual CML prevalent pool because source lacks explicit monthly pool.
EU,70,1041.666666666666666666666667,treatable pts 250.xlsx,annual_pool_divided_by_12,Derived from raw annual CML prevalent pool because source lacks explicit monthly pool.
EU,71,1041.666666666666666666666667,treatable pts 250.xlsx,annual_pool_divided_by_12,Derived from raw annual CML prevalent pool because source lacks explicit monthly pool.
EU,72,1041.666666666666666666666667,treatable pts 250.xlsx,annual_pool_divided_by_12,Derived from raw annual CML prevalent pool because source lacks explicit monthly pool.
EU,73,1041.666666666666666666666667,treatable pts 250.xlsx,annual_pool_divided_by_12,Derived from raw annual CML prevalent pool because source lacks explicit monthly pool.
EU,74,1041.666666666666666666666667,treatable pts 250.xlsx,annual_pool_divided_by_12,Derived from raw annual CML prevalent pool because source lacks explicit monthly pool.
EU,75,1041.666666666666666666666667,treatable pts 250.xlsx,annual_pool_divided_by_12,Derived from raw annual CML prevalent pool because source lacks explicit monthly pool.
EU,76,1041.666666666666666666666667,treatable pts 250.xlsx,annual_pool_divided_by_12,Derived from raw annual CML prevalent pool because source lacks explicit monthly pool.
EU,77,1041.666666666666666666666667,treatable pts 250.xlsx,annual_pool_divided_by_12,Derived from raw annual CML prevalent pool because source lacks explicit monthly pool.
EU,78,1041.666666666666666666666667,treatable pts 250.xlsx,annual_pool_divided_by_12,Derived from raw annual CML prevalent pool because source lacks explicit monthly pool.
EU,79,1041.666666666666666666666667,treatable pts 250.xlsx,annual_pool_divided_by_12,Derived from raw annual CML prevalent pool because source lacks explicit monthly pool.
EU,8,1041.666666666666666666666667,treatable pts 250.xlsx,annual_pool_divided_by_12,Derived from raw annual CML prevalent pool because source lacks explicit monthly pool.
EU,80,1041.666666666666666666666667,treatable pts 250.xlsx,annual_pool_divided_by_12,Derived from raw annual CML prevalent pool because source lacks explicit monthly pool.
EU,81,1041.666666666666666666666667,treatable pts 250.xlsx,annual_pool_divided_by_12,Derived from raw annual CML prevalent pool because source lacks explicit monthly pool.
EU,82,1041.666666666666666666666667,treatable pts 250.xlsx,annual_pool_divided_by_12,Derived from raw annual CML prevalent pool because source lacks explicit monthly pool.
EU,83,1041.666666666666666666666667,treatable pts 250.xlsx,annual_pool_divided_by_12,Derived from raw annual CML prevalent pool because source lacks explicit monthly pool.
EU,84,1041.666666666666666666666667,treatable pts 250.xlsx,annual_pool_divided_by_12,Derived from raw annual CML prevalent pool because source lacks explicit monthly pool.
EU,85,1041.666666666666666666666667,treatable pts 250.xlsx,annual_pool_divided_by_12,Derived from raw annual CML prevalent pool because source lacks explicit monthly pool.
EU,86,1041.666666666666666666666667,treatable pts 250.xlsx,annual_pool_divided_by_12,Derived from raw annual CML prevalent pool because source lacks explicit monthly pool.
EU,87,1041.666666666666666666666667,treatable pts 250.xlsx,annual_pool_divided_by_12,Derived from raw annual CML prevalent pool because source lacks explicit monthly pool.
EU,88,1041.666666666666666666666667,treatable pts 250.xlsx,annual_pool_divided_by_12,Derived from raw annual CML prevalent pool because source lacks explicit monthly pool.
EU,89,1041.666666666666666666666667,treatable pts 250.xlsx,annual_pool_divided_by_12,Derived from raw annual CML prevalent pool because source lacks explicit monthly pool.
EU,9,1041.666666666666666666666667,treatable pts 250.xlsx,annual_pool_divided_by_12,Derived from raw annual CML prevalent pool because source lacks explicit monthly pool.
EU,90,1041.666666666666666666666667,treatable pts 250.xlsx,annual_pool_divided_by_12,Derived from raw annual CML prevalent pool because source lacks explicit monthly pool.
EU,91,1041.666666666666666666666667,treatable pts 250.xlsx,annual_pool_divided_by_12,Derived from raw annual CML prevalent pool because source lacks explicit monthly pool.
EU,92,1041.666666666666666666666667,treatable pts 250.xlsx,annual_pool_divided_by_12,Derived from raw annual CML prevalent pool because source lacks explicit monthly pool.
EU,93,1041.666666666666666666666667,treatable pts 250.xlsx,annual_pool_divided_by_12,Derived from raw annual CML prevalent pool because source lacks explicit monthly pool.
EU,94,1041.666666666666666666666667,treatable pts 250.xlsx,annual_pool_divided_by_12,Derived from raw annual CML prevalent pool because source lacks explicit monthly pool.
EU,95,1041.666666666666666666666667,treatable pts 250.xlsx,annual_pool_divided_by_12,Derived from raw annual CML prevalent pool because source lacks explicit monthly pool.
EU,96,1041.666666666666666666666667,treatable pts 250.xlsx,annual_pool_divided_by_12,Derived from raw annual CML prevalent pool because source lacks explicit monthly pool.
EU,97,1041.666666666666666666666667,treatable pts 250.xlsx,annual_pool_divided_by_12,Derived from raw annual CML prevalent pool because source lacks explicit monthly pool.
EU,98,1041.666666666666666666666667,treatable pts 250.xlsx,annual_pool_divided_by_12,Derived from raw annual CML prevalent pool because source lacks explicit monthly pool.
EU,99,1041.666666666666666666666667,treatable pts 250.xlsx,annual_pool_divided_by_12,Derived from raw annual CML prevalent pool because source lacks explicit monthly pool.
US,1,2083.333333333333333333333333,treatable pts 250.xlsx,annual_pool_divided_by_12,Derived from raw annual CML prevalent pool because source lacks explicit monthly pool.
US,10,2083.333333333333333333333333,treatable pts 250.xlsx,annual_pool_divided_by_12,Derived from raw annual CML prevalent pool because source lacks explicit monthly pool.
US,100,2083.333333333333333333333333,treatable pts 250.xlsx,annual_pool_divided_by_12,Derived from raw annual CML prevalent pool because source lacks explicit monthly pool.
US,101,2083.333333333333333333333333,treatable pts 250.xlsx,annual_pool_divided_by_12,Derived from raw annual CML prevalent pool because source lacks explicit monthly pool.
US,102,2083.333333333333333333333333,treatable pts 250.xlsx,annual_pool_divided_by_12,Derived from raw annual CML prevalent pool because source lacks explicit monthly pool.
US,103,2083.333333333333333333333333,treatable pts 250.xlsx,annual_pool_divided_by_12,Derived from raw annual CML prevalent pool because source lacks explicit monthly pool.
US,104,2083.333333333333333333333333,treatable pts 250.xlsx,annual_pool_divided_by_12,Derived from raw annual CML prevalent pool because source lacks explicit monthly pool.
US,105,2083.333333333333333333333333,treatable pts 250.xlsx,annual_pool_divided_by_12,Derived from raw annual CML prevalent pool because source lacks explicit monthly pool.
US,106,2083.333333333333333333333333,treatable pts 250.xlsx,annual_pool_divided_by_12,Derived from raw annual CML prevalent pool because source lacks explicit monthly pool.
US,107,2083.333333333333333333333333,treatable pts 250.xlsx,annual_pool_divided_by_12,Derived from raw annual CML prevalent pool because source lacks explicit monthly pool.
US,108,2083.333333333333333333333333,treatable pts 250.xlsx,annual_pool_divided_by_12,Derived from raw annual CML prevalent pool because source lacks explicit monthly pool.
US,109,2083.333333333333333333333333,treatable pts 250.xlsx,annual_pool_divided_by_12,Derived from raw annual CML prevalent pool because source lacks explicit monthly pool.
US,11,2083.333333333333333333333333,treatable pts 250.xlsx,annual_pool_divided_by_12,Derived from raw annual CML prevalent pool because source lacks explicit monthly pool.
US,110,2083.333333333333333333333333,treatable pts 250.xlsx,annual_pool_divided_by_12,Derived from raw annual CML prevalent pool because source lacks explicit monthly pool.
US,111,2083.333333333333333333333333,treatable pts 250.xlsx,annual_pool_divided_by_12,Derived from raw annual CML prevalent pool because source lacks explicit monthly pool.
US,112,2083.333333333333333333333333,treatable pts 250.xlsx,annual_pool_divided_by_12,Derived from raw annual CML prevalent pool because source lacks explicit monthly pool.
US,113,2083.333333333333333333333333,treatable pts 250.xlsx,annual_pool_divided_by_12,Derived from raw annual CML prevalent pool because source lacks explicit monthly pool.
US,114,2083.333333333333333333333333,treatable pts 250.xlsx,annual_pool_divided_by_12,Derived from raw annual CML prevalent pool because source lacks explicit monthly pool.
US,115,2083.333333333333333333333333,treatable pts 250.xlsx,annual_pool_divided_by_12,Derived from raw annual CML prevalent pool because source lacks explicit monthly pool.
US,116,2083.333333333333333333333333,treatable pts 250.xlsx,annual_pool_divided_by_12,Derived from raw annual CML prevalent pool because source lacks explicit monthly pool.
US,117,2083.333333333333333333333333,treatable pts 250.xlsx,annual_pool_divided_by_12,Derived from raw annual CML prevalent pool because source lacks explicit monthly pool.
US,118,2083.333333333333333333333333,treatable pts 250.xlsx,annual_pool_divided_by_12,Derived from raw annual CML prevalent pool because source lacks explicit monthly pool.
US,119,2083.333333333333333333333333,treatable pts 250.xlsx,annual_pool_divided_by_12,Derived from raw annual CML prevalent pool because source lacks explicit monthly pool.
US,12,2083.333333333333333333333333,treatable pts 250.xlsx,annual_pool_divided_by_12,Derived from raw annual CML prevalent pool because source lacks explicit monthly pool.
US,120,2083.333333333333333333333333,treatable pts 250.xlsx,annual_pool_divided_by_12,Derived from raw annual CML prevalent pool because source lacks explicit monthly pool.
US,121,2083.333333333333333333333333,treatable pts 250.xlsx,annual_pool_divided_by_12,Derived from raw annual CML prevalent pool because source lacks explicit monthly pool.
US,122,2083.333333333333333333333333,treatable pts 250.xlsx,annual_pool_divided_by_12,Derived from raw annual CML prevalent pool because source lacks explicit monthly pool.
US,123,2083.333333333333333333333333,treatable pts 250.xlsx,annual_pool_divided_by_12,Derived from raw annual CML prevalent pool because source lacks explicit monthly pool.
US,124,2083.333333333333333333333333,treatable pts 250.xlsx,annual_pool_divided_by_12,Derived from raw annual CML prevalent pool because source lacks explicit monthly pool.
US,125,2083.333333333333333333333333,treatable pts 250.xlsx,annual_pool_divided_by_12,Derived from raw annual CML prevalent pool because source lacks explicit monthly pool.
US,126,2083.333333333333333333333333,treatable pts 250.xlsx,annual_pool_divided_by_12,Derived from raw annual CML prevalent pool because source lacks explicit monthly pool.
US,127,2083.333333333333333333333333,treatable pts 250.xlsx,annual_pool_divided_by_12,Derived from raw annual CML prevalent pool because source lacks explicit monthly pool.
US,128,2083.333333333333333333333333,treatable pts 250.xlsx,annual_pool_divided_by_12,Derived from raw annual CML prevalent pool because source lacks explicit monthly pool.
US,129,2083.333333333333333333333333,treatable pts 250.xlsx,annual_pool_divided_by_12,Derived from raw annual CML prevalent pool because source lacks explicit monthly pool.
US,13,2083.333333333333333333333333,treatable pts 250.xlsx,annual_pool_divided_by_12,Derived from raw annual CML prevalent pool because source lacks explicit monthly pool.
US,130,2083.333333333333333333333333,treatable pts 250.xlsx,annual_pool_divided_by_12,Derived from raw annual CML prevalent pool because source lacks explicit monthly pool.
US,131,2083.333333333333333333333333,treatable pts 250.xlsx,annual_pool_divided_by_12,Derived from raw annual CML prevalent pool because source lacks explicit monthly pool.
US,132,2083.333333333333333333333333,treatable pts 250.xlsx,annual_pool_divided_by_12,Derived from raw annual CML prevalent pool because source lacks explicit monthly pool.
US,133,2083.333333333333333333333333,treatable pts 250.xlsx,annual_pool_divided_by_12,Derived from raw annual CML prevalent pool because source lacks explicit monthly pool.
US,134,2083.333333333333333333333333,treatable pts 250.xlsx,annual_pool_divided_by_12,Derived from raw annual CML prevalent pool because source lacks explicit monthly pool.
US,135,2083.333333333333333333333333,treatable pts 250.xlsx,annual_pool_divided_by_12,Derived from raw annual CML prevalent pool because source lacks explicit monthly pool.
US,136,2083.333333333333333333333333,treatable pts 250.xlsx,annual_pool_divided_by_12,Derived from raw annual CML prevalent pool because source lacks explicit monthly pool.
US,137,2083.333333333333333333333333,treatable pts 250.xlsx,annual_pool_divided_by_12,Derived from raw annual CML prevalent pool because source lacks explicit monthly pool.
US,138,2083.333333333333333333333333,treatable pts 250.xlsx,annual_pool_divided_by_12,Derived from raw annual CML prevalent pool because source lacks explicit monthly pool.
US,139,2083.333333333333333333333333,treatable pts 250.xlsx,annual_pool_divided_by_12,Derived from raw annual CML prevalent pool because source lacks explicit monthly pool.
US,14,2083.333333333333333333333333,treatable pts 250.xlsx,annual_pool_divided_by_12,Derived from raw annual CML prevalent pool because source lacks explicit monthly pool.
US,140,2083.333333333333333333333333,treatable pts 250.xlsx,annual_pool_divided_by_12,Derived from raw annual CML prevalent pool because source lacks explicit monthly pool.
US,141,2083.333333333333333333333333,treatable pts 250.xlsx,annual_pool_divided_by_12,Derived from raw annual CML prevalent pool because source lacks explicit monthly pool.
US,142,2083.333333333333333333333333,treatable pts 250.xlsx,annual_pool_divided_by_12,Derived from raw annual CML prevalent pool because source lacks explicit monthly pool.
US,143,2083.333333333333333333333333,treatable pts 250.xlsx,annual_pool_divided_by_12,Derived from raw annual CML prevalent pool because source lacks explicit monthly pool.
US,144,2083.333333333333333333333333,treatable pts 250.xlsx,annual_pool_divided_by_12,Derived from raw annual CML prevalent pool because source lacks explicit monthly pool.
US,15,2083.333333333333333333333333,treatable pts 250.xlsx,annual_pool_divided_by_12,Derived from raw annual CML prevalent pool because source lacks explicit monthly pool.
US,16,2083.333333333333333333333333,treatable pts 250.xlsx,annual_pool_divided_by_12,Derived from raw annual CML prevalent pool because source lacks explicit monthly pool.
US,17,2083.333333333333333333333333,treatable pts 250.xlsx,annual_pool_divided_by_12,Derived from raw annual CML prevalent pool because source lacks explicit monthly pool.
US,18,2083.333333333333333333333333,treatable pts 250.xlsx,annual_pool_divided_by_12,Derived from raw annual CML prevalent pool because source lacks explicit monthly pool.
US,19,2083.333333333333333333333333,treatable pts 250.xlsx,annual_pool_divided_by_12,Derived from raw annual CML prevalent pool because source lacks explicit monthly pool.
US,2,2083.333333333333333333333333,treatable pts 250.xlsx,annual_pool_divided_by_12,Derived from raw annual CML prevalent pool because source lacks explicit monthly pool.
US,20,2083.333333333333333333333333,treatable pts 250.xlsx,annual_pool_divided_by_12,Derived from raw annual CML prevalent pool because source lacks explicit monthly pool.
US,21,2083.333333333333333333333333,treatable pts 250.xlsx,annual_pool_divided_by_12,Derived from raw annual CML prevalent pool because source lacks explicit monthly pool.
US,22,2083.333333333333333333333333,treatable pts 250.xlsx,annual_pool_divided_by_12,Derived from raw annual CML prevalent pool because source lacks explicit monthly pool.
US,23,2083.333333333333333333333333,treatable pts 250.xlsx,annual_pool_divided_by_12,Derived from raw annual CML prevalent pool because source lacks explicit monthly pool.
US,24,2083.333333333333333333333333,treatable pts 250.xlsx,annual_pool_divided_by_12,Derived from raw annual CML prevalent pool because source lacks explicit monthly pool.
US,25,2083.333333333333333333333333,treatable pts 250.xlsx,annual_pool_divided_by_12,Derived from raw annual CML prevalent pool because source lacks explicit monthly pool.
US,26,2083.333333333333333333333333,treatable pts 250.xlsx,annual_pool_divided_by_12,Derived from raw annual CML prevalent pool because source lacks explicit monthly pool.
US,27,2083.333333333333333333333333,treatable pts 250.xlsx,annual_pool_divided_by_12,Derived from raw annual CML prevalent pool because source lacks explicit monthly pool.
US,28,2083.333333333333333333333333,treatable pts 250.xlsx,annual_pool_divided_by_12,Derived from raw annual CML prevalent pool because source lacks explicit monthly pool.
US,29,2083.333333333333333333333333,treatable pts 250.xlsx,annual_pool_divided_by_12,Derived from raw annual CML prevalent pool because source lacks explicit monthly pool.
US,3,2083.333333333333333333333333,treatable pts 250.xlsx,annual_pool_divided_by_12,Derived from raw annual CML prevalent pool because source lacks explicit monthly pool.
US,30,2083.333333333333333333333333,treatable pts 250.xlsx,annual_pool_divided_by_12,Derived from raw annual CML prevalent pool because source lacks explicit monthly pool.
US,31,2083.333333333333333333333333,treatable pts 250.xlsx,annual_pool_divided_by_12,Derived from raw annual CML prevalent pool because source lacks explicit monthly pool.
US,32,2083.333333333333333333333333,treatable pts 250.xlsx,annual_pool_divided_by_12,Derived from raw annual CML prevalent pool because source lacks explicit monthly pool.
US,33,2083.333333333333333333333333,treatable pts 250.xlsx,annual_pool_divided_by_12,Derived from raw annual CML prevalent pool because source lacks explicit monthly pool.
US,34,2083.333333333333333333333333,treatable pts 250.xlsx,annual_pool_divided_by_12,Derived from raw annual CML prevalent pool because source lacks explicit monthly pool.
US,35,2083.333333333333333333333333,treatable pts 250.xlsx,annual_pool_divided_by_12,Derived from raw annual CML prevalent pool because source lacks explicit monthly pool.
US,36,2083.333333333333333333333333,treatable pts 250.xlsx,annual_pool_divided_by_12,Derived from raw annual CML prevalent pool because source lacks explicit monthly pool.
US,37,2083.333333333333333333333333,treatable pts 250.xlsx,annual_pool_divided_by_12,Derived from raw annual CML prevalent pool because source lacks explicit monthly pool.
US,38,2083.333333333333333333333333,treatable pts 250.xlsx,annual_pool_divided_by_12,Derived from raw annual CML prevalent pool because source lacks explicit monthly pool.
US,39,2083.333333333333333333333333,treatable pts 250.xlsx,annual_pool_divided_by_12,Derived from raw annual CML prevalent pool because source lacks explicit monthly pool.
US,4,2083.333333333333333333333333,treatable pts 250.xlsx,annual_pool_divided_by_12,Derived from raw annual CML prevalent pool because source lacks explicit monthly pool.
US,40,2083.333333333333333333333333,treatable pts 250.xlsx,annual_pool_divided_by_12,Derived from raw annual CML prevalent pool because source lacks explicit monthly pool.
US,41,2083.333333333333333333333333,treatable pts 250.xlsx,annual_pool_divided_by_12,Derived from raw annual CML prevalent pool because source lacks explicit monthly pool.
US,42,2083.333333333333333333333333,treatable pts 250.xlsx,annual_pool_divided_by_12,Derived from raw annual CML prevalent pool because source lacks explicit monthly pool.
US,43,2083.333333333333333333333333,treatable pts 250.xlsx,annual_pool_divided_by_12,Derived from raw annual CML prevalent pool because source lacks explicit monthly pool.
US,44,2083.333333333333333333333333,treatable pts 250.xlsx,annual_pool_divided_by_12,Derived from raw annual CML prevalent pool because source lacks explicit monthly pool.
US,45,2083.333333333333333333333333,treatable pts 250.xlsx,annual_pool_divided_by_12,Derived from raw annual CML prevalent pool because source lacks explicit monthly pool.
US,46,2083.333333333333333333333333,treatable pts 250.xlsx,annual_pool_divided_by_12,Derived from raw annual CML prevalent pool because source lacks explicit monthly pool.
US,47,2083.333333333333333333333333,treatable pts 250.xlsx,annual_pool_divided_by_12,Derived from raw annual CML prevalent pool because source lacks explicit monthly pool.
US,48,2083.333333333333333333333333,treatable pts 250.xlsx,annual_pool_divided_by_12,Derived from raw annual CML prevalent pool because source lacks explicit monthly pool.
US,49,2083.333333333333333333333333,treatable pts 250.xlsx,annual_pool_divided_by_12,Derived from raw annual CML prevalent pool because source lacks explicit monthly pool.
US,5,2083.333333333333333333333333,treatable pts 250.xlsx,annual_pool_divided_by_12,Derived from raw annual CML prevalent pool because source lacks explicit monthly pool.
US,50,2083.333333333333333333333333,treatable pts 250.xlsx,annual_pool_divided_by_12,Derived from raw annual CML prevalent pool because source lacks explicit monthly pool.
US,51,2083.333333333333333333333333,treatable pts 250.xlsx,annual_pool_divided_by_12,Derived from raw annual CML prevalent pool because source lacks explicit monthly pool.
US,52,2083.333333333333333333333333,treatable pts 250.xlsx,annual_pool_divided_by_12,Derived from raw annual CML prevalent pool because source lacks explicit monthly pool.
US,53,2083.333333333333333333333333,treatable pts 250.xlsx,annual_pool_divided_by_12,Derived from raw annual CML prevalent pool because source lacks explicit monthly pool.
US,54,2083.333333333333333333333333,treatable pts 250.xlsx,annual_pool_divided_by_12,Derived from raw annual CML prevalent pool because source lacks explicit monthly pool.
US,55,2083.333333333333333333333333,treatable pts 250.xlsx,annual_pool_divided_by_12,Derived from raw annual CML prevalent pool because source lacks explicit monthly pool.
US,56,2083.333333333333333333333333,treatable pts 250.xlsx,annual_pool_divided_by_12,Derived from raw annual CML prevalent pool because source lacks explicit monthly pool.
US,57,2083.333333333333333333333333,treatable pts 250.xlsx,annual_pool_divided_by_12,Derived from raw annual CML prevalent pool because source lacks explicit monthly pool.
US,58,2083.333333333333333333333333,treatable pts 250.xlsx,annual_pool_divided_by_12,Derived from raw annual CML prevalent pool because source lacks explicit monthly pool.
US,59,2083.333333333333333333333333,treatable pts 250.xlsx,annual_pool_divided_by_12,Derived from raw annual CML prevalent pool because source lacks explicit monthly pool.
US,6,2083.333333333333333333333333,treatable pts 250.xlsx,annual_pool_divided_by_12,Derived from raw annual CML prevalent pool because source lacks explicit monthly pool.
US,60,2083.333333333333333333333333,treatable pts 250.xlsx,annual_pool_divided_by_12,Derived from raw annual CML prevalent pool because source lacks explicit monthly pool.
US,61,2083.333333333333333333333333,treatable pts 250.xlsx,annual_pool_divided_by_12,Derived from raw annual CML prevalent pool because source lacks explicit monthly pool.
US,62,2083.333333333333333333333333,treatable pts 250.xlsx,annual_pool_divided_by_12,Derived from raw annual CML prevalent pool because source lacks explicit monthly pool.
US,63,2083.333333333333333333333333,treatable pts 250.xlsx,annual_pool_divided_by_12,Derived from raw annual CML prevalent pool because source lacks explicit monthly pool.
US,64,2083.333333333333333333333333,treatable pts 250.xlsx,annual_pool_divided_by_12,Derived from raw annual CML prevalent pool because source lacks explicit monthly pool.
US,65,2083.333333333333333333333333,treatable pts 250.xlsx,annual_pool_divided_by_12,Derived from raw annual CML prevalent pool because source lacks explicit monthly pool.
US,66,2083.333333333333333333333333,treatable pts 250.xlsx,annual_pool_divided_by_12,Derived from raw annual CML prevalent pool because source lacks explicit monthly pool.
US,67,2083.333333333333333333333333,treatable pts 250.xlsx,annual_pool_divided_by_12,Derived from raw annual CML prevalent pool because source lacks explicit monthly pool.
US,68,2083.333333333333333333333333,treatable pts 250.xlsx,annual_pool_divided_by_12,Derived from raw annual CML prevalent pool because source lacks explicit monthly pool.
US,69,2083.333333333333333333333333,treatable pts 250.xlsx,annual_pool_divided_by_12,Derived from raw annual CML prevalent pool because source lacks explicit monthly pool.
US,7,2083.333333333333333333333333,treatable pts 250.xlsx,annual_pool_divided_by_12,Derived from raw annual CML prevalent pool because source lacks explicit monthly pool.
US,70,2083.333333333333333333333333,treatable pts 250.xlsx,annual_pool_divided_by_12,Derived from raw annual CML prevalent pool because source lacks explicit monthly pool.
US,71,2083.333333333333333333333333,treatable pts 250.xlsx,annual_pool_divided_by_12,Derived from raw annual CML prevalent pool because source lacks explicit monthly pool.
US,72,2083.333333333333333333333333,treatable pts 250.xlsx,annual_pool_divided_by_12,Derived from raw annual CML prevalent pool because source lacks explicit monthly pool.
US,73,2083.333333333333333333333333,treatable pts 250.xlsx,annual_pool_divided_by_12,Derived from raw annual CML prevalent pool because source lacks explicit monthly pool.
US,74,2083.333333333333333333333333,treatable pts 250.xlsx,annual_pool_divided_by_12,Derived from raw annual CML prevalent pool because source lacks explicit monthly pool.
US,75,2083.333333333333333333333333,treatable pts 250.xlsx,annual_pool_divided_by_12,Derived from raw annual CML prevalent pool because source lacks explicit monthly pool.
US,76,2083.333333333333333333333333,treatable pts 250.xlsx,annual_pool_divided_by_12,Derived from raw annual CML prevalent pool because source lacks explicit monthly pool.
US,77,2083.333333333333333333333333,treatable pts 250.xlsx,annual_pool_divided_by_12,Derived from raw annual CML prevalent pool because source lacks explicit monthly pool.
US,78,2083.333333333333333333333333,treatable pts 250.xlsx,annual_pool_divided_by_12,Derived from raw annual CML prevalent pool because source lacks explicit monthly pool.
US,79,2083.333333333333333333333333,treatable pts 250.xlsx,annual_pool_divided_by_12,Derived from raw annual CML prevalent pool because source lacks explicit monthly pool.
US,8,2083.333333333333333333333333,treatable pts 250.xlsx,annual_pool_divided_by_12,Derived from raw annual CML prevalent pool because source lacks explicit monthly pool.
US,80,2083.333333333333333333333333,treatable pts 250.xlsx,annual_pool_divided_by_12,Derived from raw annual CML prevalent pool because source lacks explicit monthly pool.
US,81,2083.333333333333333333333333,treatable pts 250.xlsx,annual_pool_divided_by_12,Derived from raw annual CML prevalent pool because source lacks explicit monthly pool.
US,82,2083.333333333333333333333333,treatable pts 250.xlsx,annual_pool_divided_by_12,Derived from raw annual CML prevalent pool because source lacks explicit monthly pool.
US,83,2083.333333333333333333333333,treatable pts 250.xlsx,annual_pool_divided_by_12,Derived from raw annual CML prevalent pool because source lacks explicit monthly pool.
US,84,2083.333333333333333333333333,treatable pts 250.xlsx,annual_pool_divided_by_12,Derived from raw annual CML prevalent pool because source lacks explicit monthly pool.
US,85,2083.333333333333333333333333,treatable pts 250.xlsx,annual_pool_divided_by_12,Derived from raw annual CML prevalent pool because source lacks explicit monthly pool.
US,86,2083.333333333333333333333333,treatable pts 250.xlsx,annual_pool_divided_by_12,Derived from raw annual CML prevalent pool because source lacks explicit monthly pool.
US,87,2083.333333333333333333333333,treatable pts 250.xlsx,annual_pool_divided_by_12,Derived from raw annual CML prevalent pool because source lacks explicit monthly pool.
US,88,2083.333333333333333333333333,treatable pts 250.xlsx,annual_pool_divided_by_12,Derived from raw annual CML prevalent pool because source lacks explicit monthly pool.
US,89,2083.333333333333333333333333,treatable pts 250.xlsx,annual_pool_divided_by_12,Derived from raw annual CML prevalent pool because source lacks explicit monthly pool.
US,9,2083.333333333333333333333333,treatable pts 250.xlsx,annual_pool_divided_by_12,Derived from raw annual CML prevalent pool because source lacks explicit monthly pool.
US,90,2083.333333333333333333333333,treatable pts 250.xlsx,annual_pool_divided_by_12,Derived from raw annual CML prevalent pool because source lacks explicit monthly pool.
US,91,2083.333333333333333333333333,treatable pts 250.xlsx,annual_pool_divided_by_12,Derived from raw annual CML prevalent pool because source lacks explicit monthly pool.
US,92,2083.333333333333333333333333,treatable pts 250.xlsx,annual_pool_divided_by_12,Derived from raw annual CML prevalent pool because source lacks explicit monthly pool.
US,93,2083.333333333333333333333333,treatable pts 250.xlsx,annual_pool_divided_by_12,Derived from raw annual CML prevalent pool because source lacks explicit monthly pool.
US,94,2083.333333333333333333333333,treatable pts 250.xlsx,annual_pool_divided_by_12,Derived from raw annual CML prevalent pool because source lacks explicit monthly pool.
US,95,2083.333333333333333333333333,treatable pts 250.xlsx,annual_pool_divided_by_12,Derived from raw annual CML prevalent pool because source lacks explicit monthly pool.
US,96,2083.333333333333333333333333,treatable pts 250.xlsx,annual_pool_divided_by_12,Derived from raw annual CML prevalent pool because source lacks explicit monthly pool.
US,97,2083.333333333333333333333333,treatable pts 250.xlsx,annual_pool_divided_by_12,Derived from raw annual CML prevalent pool because source lacks explicit monthly pool.
US,98,2083.333333333333333333333333,treatable pts 250.xlsx,annual_pool_divided_by_12,Derived from raw annual CML prevalent pool because source lacks explicit monthly pool.
US,99,2083.333333333333333333333333,treatable pts 250.xlsx,annual_pool_divided_by_12,Derived from raw annual CML prevalent pool because source lacks explicit monthly pool.
